{
  "project_info": {
    "project_number": "955646962857",
    "project_id": "authentication-201a9",
    "storage_bucket": "authentication-201a9.appspot.com"
  },
  "client": [
    {
      "client_info": {
        "mobilesdk_app_id": "1:955646962857:android:c942203653c54136b20db8",
        "android_client_info": {
          "package_name": "com.example.login"
        }
      },
      "oauth_client": [
        {
          "client_id": "955646962857-qk9ubf523n630gjqu4dkj03ch783a4a3.apps.googleusercontent.com",
          "client_type": 3
        }
      ],
      "api_key": [
        {
          "current_key": "AIzaSyBOzwvirJmBjUVCnIMc1e_hJUiM68ECpGU"
        }
      ],
      "services": {
        "appinvite_service": {
          "other_platform_oauth_client": [
            {
              "client_id": "955646962857-qk9ubf523n630gjqu4dkj03ch783a4a3.apps.googleusercontent.com",
              "client_type": 3
            }
          ]
        }
      }
    }
  ],
  "configuration_version": "1"
}